Vote,Ayes,Noes
Sale and Supply of Alcohol (Cellar Door Tasting) Amendment Bill — First Reading,Kiritapu Allan!Emily Henderson!Simon O'Connor!Damien Smith!Harete Hipango!Greg O'Connor!Stuart Smith!Chris Baillie!Chris Hipkins!Damien O'Connor!LemaugaLydia Sosene!Andrew Bayly!Elizabeth Kerekere!Ibrahim Omer!Erica Stanford!Camilla Belich!Barbara Kuriger!Sarah Pallett!Jamie Strange!David Bennett!Ingrid Leary!David Parker!Chlöe Swarbrick!Chris Bishop!Soraya Peke-Mason!Rino Tirikatene!Rachel Boyack!Melissa Lee!Chris Penk!Teanau Tuiono!Rachel Brooking!Steph Lewis!Tama Potaka!Philip Twyford!Simeon Brown!Andrew Little!Willow-Jean Prime!Sam Uffindell!Gerry Brownlee!Maureen Pugh!Louise Upston!Mark Cameron!Anna Lorck!Priyanca Radhakrishnan!Tangi Utikere!Naisi Chen!Maria Lubeck!Shane Reti!Brooke van Velden!Karen Chhour!Christopher Luxon!Angela Roberts!Brooke van Velden!David Clark!Jo Luxton!Grant Robertson!Ayesha Verrall!Judith Collins!Nanaia Mahuta!Daniel Rosewarne!Vanushi Walters!Simon Court!Kieran McAnulty!Adrian Rurawhe!Angela Warren-Clark!Todd McClay!Deborah Russell!Simon Watts!Marama Davidson!James McDowall!Eugenie Sage!Meka Whaitiri!Jacqui Dean!Nicole McKee!Jenny Salesa!Matt Doocey!Ian McKelvie!Carmel Sepuloni!Nicola Willis!Tracey McLellan!Toni Severin!Michael Wood!Barbara Edmonds!Ricardo Menéndez March!David Seymour!Michael Woodhouse!JulieAnne Genter!Mark Mitchell!James Shaw!Megan Woods!Golriz Ghahraman!Joseph Mooney!Penny Simmonds!Paul Goldsmith!Todd Muller!Scott Simpson!Nicola Grigg!Stuart Nash!AupitoWilliam Sio!,Glen Bennett!Peeni Henare!Jan Tinetti!Kelvin Davis!Anahila Kanongata'a!Duncan Webb!Shanan Halbert!Terisa Ngobi!Arena Williams!
Sale and Supply of Alcohol (Exemption for Race Meetings) Amendment Bill — Third Reading,Kiritapu Allan!Shanan Halbert!Stuart Nash!AupitoWilliam Sio!Chris Baillie!Harete Hipango!Debbie Ngarewa-Packer!Andrew Bayly!Willie Jackson!Terisa Ngobi!Damien Smith!David Bennett!Anahila Kanongata'a!Damien O'Connor!Stuart Smith!Chris Bishop!Barbara Kuriger!Simon O'Connor!Erica Stanford!Rachel Brooking!Ingrid Leary!Greg O'Connor!Jamie Strange!Simeon Brown!Melissa Lee!David Parker!Rino Tirikatene!Gerry Brownlee!Anna Lorck!Chris Penk!Sam Uffindell!Mark Cameron!Maria Lubeck!Tama Potaka!Louise Upston!Karen Chhour!Christopher Luxon!Maureen Pugh!Tangi Utikere!Tāmati Coffey!Jo Luxton!Shane Reti!Brooke van Velden!Judith Collins!Todd McClay!Angela Roberts!Simon Court!James McDowall!Daniel Rosewarne!Rawiri Waititi!Kelvin Davis!Nicole McKee!Adrian Rurawhe!Simon Watts!Jacqui Dean!Ian McKelvie!Carmel Sepuloni!Helen White!Matt Doocey!Tracey McLellan!Toni Severin!Poto Williams!Paul Eagle!Mark Mitchell!David Seymour!Nicola Willis!Paul Goldsmith!Joseph Mooney!Penny Simmonds!Michael Woodhouse!Nicola Grigg!Todd Muller!Scott Simpson!,Ginny Andersen!Peeni Henare!Sarah Pallett!Teanau Tuiono!Camilla Belich!Emily Henderson!Soraya Peke-Mason!Philip Twyford!Glen Bennett!Chris Hipkins!Willow-Jean Prime!Ayesha Verrall!Rachel Boyack!AnaeNeru Leavasa!Grant Robertson!Vanushi Walters!Naisi Chen!Steph Lewis!Deborah Russell!Angela Warren-Clark!David Clark!Andrew Little!Eugenie Sage!Duncan Webb!Liz Craig!Jan Logie!Jenny Salesa!Meka Whaitiri!Marama Davidson!Nanaia Mahuta!James Shaw!Arena Williams!Barbara Edmonds!Kieran McAnulty!LemaugaLydia Sosene!Michael Wood!JulieAnne Genter!Chlöe Swarbrick!Megan Woods!Golriz Ghahraman!Ibrahim Omer!Jan Tinetti!
Sale and Supply of Alcohol (Harm Minimisation) Amendment Bill — First Reading,Camilla Belich!Elizabeth Kerekere!David Parker!Ayesha Verrall!Glen Bennett!Ingrid Leary!Adrian Rurawhe!Rawiri Waititi!Rachel Boyack!AnaeNeru Leavasa!Deborah Russell!Angela Warren-Clark!Naisi Chen!Jan Logie!Eugenie Sage!Helen White!Marama Davidson!Anna Lorck!Jenny Salesa!Arena Williams!JulieAnne Genter!James Shaw!Golriz Ghahraman!Debbie Ngarewa-Packer!Jamie Strange!Peeni Henare!Sarah Pallett!Teanau Tuiono!Shanan Halbert!,Kiritapu Allan!Nicola Grigg!Stuart Nash!Stuart Smith!Ginny Andersen!Emily Henderson!Terisa Ngobi!LemaugaLydia Sosene!Harete Hipango!Damien O'Connor!Erica Stanford!Chris Baillie!Chris Hipkins!Greg O'Connor!Jan Tinetti!Andrew Bayly!Willie Jackson!Simon O'Connor!Rino Tirikatene!David Bennett!Ibrahim Omer!Philip Twyford!Chris Bishop!Barbara Kuriger!Soraya Peke-Mason!Sam Uffindell!Rachel Brooking!Melissa Lee!Chris Penk!Louise Upston!Simeon Brown!Steph Lewis!Tama Potaka!Brooke van Velden!Gerry Brownlee!Andrew Little!Willow-Jean Prime!Mark Cameron!Maria Lubeck!Maureen Pugh!Vanushi Walters!Karen Chhour!Christopher Luxon!Priyanca Radhakrishnan!Simon Watts!David Clark!Jo Luxton!Shane Reti!Duncan Webb!Tāmati Coffey!Nanaia Mahuta!Angela Roberts!Meka Whaitiri!Judith Collins!Kieran McAnulty!Grant Robertson!Poto Williams!Simon Court!Todd McClay!Daniel Rosewarne!Nicola Willis!Liz Craig!James McDowall!Carmel Sepuloni!Michael Wood!Kelvin Davis!Nicole McKee!Toni Severin!Michael Woodhouse!Jacqui Dean!Ian McKelvie!David Seymour!Megan Woods!Matt Doocey!Tracey McLellan!Penny Simmonds!Paul Eagle!Mark Mitchell!Scott Simpson!Barbara Edmonds!Joseph Mooney!AupitoWilliam Sio!Paul Goldsmith!Todd Muller!Damien Smith!Tangi Utikere!
Sale and Supply of Alcohol (Exemption for Race Meetings) Amendment Bill — In Committee,Kiritapu Allan!Shanan Halbert!Greg O'Connor!Rino Tirikatene!Chris Baillie!Harete Hipango!Simon O'Connor!Sam Uffindell!Andrew Bayly!Willie Jackson!David Parker!Louise Upston!David Bennett!Chris Penk!Tangi Utikere!Chris Bishop!Barbara Kuriger!Tama Potaka!Brooke van Velden!Rachel Brooking!Ingrid Leary!Shane Reti!Simeon Brown!Melissa Lee!Angela Roberts!Ayesha Verrall!Gerry Brownlee!Anna Lorck!Daniel Rosewarne!Angela Warren-Clark!Mark Cameron!Maria Lubeck!Adrian Rurawhe!Simon Watts!Karen Chhour!Christopher Luxon!Carmel Sepuloni!Meka Whaitiri!Tāmati Coffey!Todd McClay!Toni Severin!Helen White!Judith Collins!James McDowall!David Seymour!Simon Court!Nicole McKee!Penny Simmonds!Nicola Willis!Kelvin Davis!Ian McKelvie!Scott Simpson!Michael Woodhouse!Jacqui Dean!Tracey McLellan!AupitoWilliam Sio!Matt Doocey!Mark Mitchell!Damien Smith!Paul Eagle!Joseph Mooney!Stuart Smith!Paul Goldsmith!Todd Muller!Erica Stanford!Nicola Grigg!Terisa Ngobi!Jamie Strange!Maureen Pugh!,Ginny Andersen!Emily Henderson!Philip Twyford!Chris Hipkins!Sarah Pallett!Rawiri Waititi!Camilla Belich!Elizabeth Kerekere!Willow-Jean Prime!Vanushi Walters!Rachel Boyack!AnaeNeru Leavasa!Priyanca Radhakrishnan!Duncan Webb!Naisi Chen!Steph Lewis!Deborah Russell!Arena Williams!David Clark!Andrew Little!Eugenie Sage!Michael Wood!Liz Craig!Jan Logie!Jenny Salesa!Megan Woods!Marama Davidson!Nanaia Mahuta!James Shaw!Barbara Edmonds!Kieran McAnulty!LemaugaLydia Sosene!JulieAnne Genter!Chlöe Swarbrick!Golriz Ghahraman!Damien O'Connor!Jan Tinetti!Peeni Henare!Ibrahim Omer!Teanau Tuiono!Glen Bennett!
Sale and Supply of Alcohol (Exemption for Race Meetings) Amendment Bill — Second Reading,Chris Baillie!Harete Hipango!Simon O'Connor!Erica Stanford!Andrew Bayly!David Parker!Rino Tirikatene!David Bennett!Barbara Kuriger!Soraya Peke-Mason!Sam Uffindell!Chris Bishop!Ingrid Leary!Chris Penk!Louise Upston!Simeon Brown!Melissa Lee!Maureen Pugh!Tangi Utikere!Gerry Brownlee!Anna Lorck!Shane Reti!Brooke van Velden!Mark Cameron!Christopher Luxon!Angela Roberts!Brooke van Velden!Karen Chhour!James McDowall!Daniel Rosewarne!Simon Watts!Tāmati Coffey!Nicole McKee!Adrian Rurawhe!Meka Whaitiri!Judith Collins!Ian McKelvie!Toni Severin!Helen White!Simon Court!Tracey McLellan!David Seymour!Nicola Willis!Jacqui Dean!Mark Mitchell!Penny Simmonds!Michael Woodhouse!Matt Doocey!Joseph Mooney!Scott Simpson!Paul Eagle!Todd Muller!AupitoWilliam Sio!Paul Goldsmith!Terisa Ngobi!Damien Smith!Nicola Grigg!Greg O'Connor!Stuart Smith!Todd McClay!,Kiritapu Allan!Peeni Henare!Stuart Nash!Jan Tinetti!Emily Henderson!Ibrahim Omer!Teanau Tuiono!Chris Hipkins!Sarah Pallett!Philip Twyford!Camilla Belich!Elizabeth Kerekere!Willow-Jean Prime!Ayesha Verrall!Rachel Boyack!Priyanca Radhakrishnan!Vanushi Walters!Naisi Chen!Steph Lewis!Grant Robertson!Angela Warren-Clark!David Clark!Andrew Little!Deborah Russell!Duncan Webb!Jan Logie!Eugenie Sage!Arena Williams!Marama Davidson!Maria Lubeck!Jenny Salesa!Michael Wood!Barbara Edmonds!Jo Luxton!Carmel Sepuloni!Megan Woods!JulieAnne Genter!Nanaia Mahuta!James Shaw!Golriz Ghahraman!Kieran McAnulty!LemaugaLydia Sosene!Shanan Halbert!Ricardo Menéndez March!Chlöe Swarbrick!Glen Bennett!
"Contraception, Sterilisation, and Abortion (Safe Areas) Amendment Bill — First Reading",Kiritapu Allan!JulieAnne Genter!Stuart Smith!Ginny Andersen!Golriz Ghahraman!Mark Mitchell!Erica Stanford!Paul Goldsmith!Todd Muller!Chlöe Swarbrick!Chris Baillie!Nicola Grigg!Stuart Nash!Jan Tinetti!Andrew Bayly!Shanan Halbert!Terisa Ngobi!Teanau Tuiono!Camilla Belich!Peeni Henare!Damien O'Connor!Philip Twyford!Glen Bennett!Emily Henderson!Greg O'Connor!Tangi Utikere!Chris Bishop!Chris Hipkins!Ibrahim Omer!Rachel Boyack!Willie Jackson!Sarah Pallett!Ayesha Verrall!Elizabeth Kerekere!David Parker!Rachel Brooking!Barbara Kuriger!Willow-Jean Prime!Vanushi Walters!Gerry Brownlee!Ingrid Leary!Priyanca Radhakrishnan!Angela Warren-Clark!Mark Cameron!AnaeNeru Leavasa!Shane Reti!Simon Watts!Naisi Chen!Steph Lewis!Angela Roberts!Duncan Webb!Karen Chhour!Andrew Little!Grant Robertson!Meka Whaitiri!David Clark!Anna Lorck!Adrian Rurawhe!Helen White!Tāmati Coffey!Maria Lubeck!Deborah Russell!Arena Williams!Judith Collins!Jo Luxton!Eugenie Sage!Poto Williams!Simon Court!Nanaia Mahuta!Jenny Salesa!Nicola Willis!Liz Craig!Carmel Sepuloni!Michael Woodhouse!Marama Davidson!Kieran McAnulty!Toni Severin!Megan Woods!Kelvin Davis!Todd McClay!David Seymour!Matt Doocey!James McDowall!Paul Eagle!Nicole McKee!James Shaw!Barbara Edmonds!Ian McKelvie!AupitoWilliam Sio!Tracey McLellan!Damien Smith!Jan Logie!,David Bennett!Christopher Luxon!Scott Simpson!Louise Upston!Simeon Brown!Joseph Mooney!Brooke van Velden!Jacqui Dean!Simon O'Connor!Jamie Strange!Penny Simmonds!Rino Tirikatene!Chris Penk!
Abortion Legislation Bill — Third Reading,Chlöe Swarbrick!Kiritapu Allan!Jan Tinetti!Ginny Andersen!JulieAnne Genter!Kieran McAnulty!Golriz Ghahraman!Mark Mitchell!Philip Twyford!David Bennett!Peeni Henare!Stuart Nash!Chris Hipkins!David Parker!Willow-Jean Prime!Angela Warren-Clark!Chris Bishop!Priyanca Radhakrishnan!Duncan Webb!Grant Robertson!Arena Williams!David Clark!Willie Jackson!Nicola Willis!Tāmati Coffey!Deborah Russell!Michael Wood!Judith Collins!Barbara Kuriger!Eugenie Sage!Megan Woods!Liz Craig!Carmel Sepuloni!Andrew Little!David Seymour!Marama Davidson!Jan Logie!James Shaw!Kelvin Davis!Maria Lubeck!Scott Simpson!Matt Doocey!Jo Luxton!AupitoWilliam Sio!Paul Eagle!Erica Stanford!,Greg O'Connor!Rino Tirikatene!Simon O'Connor!Louise Upston!Brooke van Velden!Andrew Bayly!Melissa Lee!Chris Penk!Meka Whaitiri!Simeon Brown!Michael Woodhouse!Gerry Brownlee!Nanaia Mahuta!Maureen Pugh!Jacqui Dean!Shane Reti!Todd McClay!Adrian Rurawhe!Ian McKelvie!Jenny Salesa!Paul Goldsmith!Todd Muller!Jamie Strange!Harete Hipango!Damien O'Connor!
Abortion Legislation Bill — Recommittal,Golriz Ghahraman!Jan Tinetti!Ginny Andersen!Peeni Henare!Stuart Nash!Chris Hipkins!Willow-Jean Prime!Angela Warren-Clark!David Clark!Priyanca Radhakrishnan!Duncan Webb!Tāmati Coffey!Grant Robertson!Arena Williams!Judith Collins!Liz Craig!Barbara Kuriger!Deborah Russell!Eugenie Sage!Matt Doocey!Andrew Little!James Shaw!Jan Logie!AupitoWilliam Sio!Paul Eagle!Maria Lubeck!Erica Stanford!JulieAnne Genter!Jo Luxton!Chlöe Swarbrick!Marama Davidson!,Kiritapu Allan!Mark Mitchell!Stuart Smith!Todd Muller!Jamie Strange!Harete Hipango!Damien O'Connor!Rino Tirikatene!Willie Jackson!Greg O'Connor!Andrew Bayly!Simon O'Connor!Philip Twyford!David Bennett!David Parker!Brooke van Velden!Chris Bishop!Melissa Lee!Chris Penk!Meka Whaitiri!Simeon Brown!Nicola Willis!Gerry Brownlee!Maureen Pugh!Michael Wood!Nanaia Mahuta!Shane Reti!Michael Woodhouse!Kelvin Davis!Adrian Rurawhe!Jacqui Dean!Jenny Salesa!Kieran McAnulty!Carmel Sepuloni!Todd McClay!David Seymour!Ian McKelvie!Scott Simpson!Paul Goldsmith!Louise Upston!
Abortion Legislation Bill — In Committee—Clauses 1 & 2,Todd Muller!Harete Hipango!Louise Upston!Simon O'Connor!Gerry Brownlee!Melissa Lee!Jacqui Dean!Chris Penk!Maureen Pugh!Todd McClay!Shane Reti!Mark Mitchell!Simeon Brown!,Golriz Ghahraman!Kieran McAnulty!Erica Stanford!Kiritapu Allan!Paul Goldsmith!Ian McKelvie!Jamie Strange!Ginny Andersen!Peeni Henare!Chlöe Swarbrick!Chris Hipkins!Stuart Nash!Damien O'Connor!Jan Tinetti!Andrew Bayly!Greg O'Connor!Rino Tirikatene!David Bennett!David Parker!Willie Jackson!Philip Twyford!Brooke van Velden!Chris Bishop!Willow-Jean Prime!Priyanca Radhakrishnan!David Clark!Barbara Kuriger!Grant Robertson!Angela Warren-Clark!Tāmati Coffey!Duncan Webb!Judith Collins!Adrian Rurawhe!Meka Whaitiri!Liz Craig!Andrew Little!Deborah Russell!Arena Williams!Jan Logie!Eugenie Sage!Nicola Willis!Marama Davidson!Maria Lubeck!Jenny Salesa!Michael Wood!Kelvin Davis!Jo Luxton!Carmel Sepuloni!Michael Woodhouse!Matt Doocey!Nanaia Mahuta!David Seymour!Megan Woods!Paul Eagle!James Shaw!Scott Simpson!AupitoWilliam Sio!JulieAnne Genter!Stuart Smith!
Abortion Legislation Bill — In Committee—Part 2,Todd Muller!Stuart Smith!Paul Goldsmith!Jamie Strange!Andrew Bayly!Damien O'Connor!Rino Tirikatene!David Bennett!Greg O'Connor!Louise Upston!Harete Hipango!Simon O'Connor!Brooke van Velden!Simeon Brown!Chris Penk!Meka Whaitiri!Gerry Brownlee!Maureen Pugh!Michael Woodhouse!Shane Reti!Jacqui Dean!Adrian Rurawhe!Matt Doocey!Nanaia Mahuta!Jenny Salesa!Todd McClay!Mark Mitchell!Melissa Lee!,Peeni Henare!Kieran McAnulty!Erica Stanford!Kiritapu Allan!Chris Hipkins!Ian McKelvie!Chlöe Swarbrick!Ginny Andersen!Stuart Nash!Jan Tinetti!David Parker!Willie Jackson!Philip Twyford!Chris Bishop!David Clark!Willow-Jean Prime!Tāmati Coffey!Barbara Kuriger!Priyanca Radhakrishnan!Angela Warren-Clark!Judith Collins!Grant Robertson!Duncan Webb!Liz Craig!Andrew Little!Arena Williams!Jan Logie!Deborah Russell!Nicola Willis!Marama Davidson!Maria Lubeck!Eugenie Sage!Michael Wood!Kelvin Davis!Jo Luxton!Carmel Sepuloni!Megan Woods!Paul Eagle!David Seymour!James Shaw!JulieAnne Genter!Scott Simpson!Golriz Ghahraman!AupitoWilliam Sio!
Abortion Legislation Bill — In Committee—Part 1,Stuart Nash!Jan Tinetti!Kiritapu Allan!Damien O'Connor!Rino Tirikatene!Ginny Andersen!Willie Jackson!Greg O'Connor!David Parker!Philip Twyford!Willow-Jean Prime!Louise Upston!Chris Bishop!Grant Robertson!Brooke van Velden!Tāmati Coffey!Barbara Kuriger!Liz Craig!Adrian Rurawhe!Deborah Russell!Angela Warren-Clark!Marama Davidson!Andrew Little!Eugenie Sage!Duncan Webb!Kelvin Davis!Jan Logie!Jenny Salesa!Meka Whaitiri!Matt Doocey!Maria Lubeck!Carmel Sepuloni!Nicola Willis!Paul Eagle!Jo Luxton!David Seymour!Michael Wood!Nanaia Mahuta!James Shaw!Michael Woodhouse!Scott Simpson!Megan Woods!JulieAnne Genter!Kieran McAnulty!AupitoWilliam Sio!Golriz Ghahraman!Todd McClay!Erica Stanford!Peeni Henare!Ian McKelvie!Jamie Strange!Chris Hipkins!Mark Mitchell!Chlöe Swarbrick!,Paul Goldsmith!Stuart Smith!Andrew Bayly!Todd Muller!David Bennett!Harete Hipango!Simon O'Connor!Simeon Brown!Gerry Brownlee!Melissa Lee!Chris Penk!David Clark!Maureen Pugh!Jacqui Dean!Shane Reti!
Abortion Legislation Bill — In Committee—Part 1,Simon O'Connor!Rino Tirikatene!Louise Upston!David Bennett!Harete Hipango!Chris Penk!Maureen Pugh!Meka Whaitiri!Simeon Brown!Melissa Lee!Shane Reti!Michael Woodhouse!Gerry Brownlee!Adrian Rurawhe!Jacqui Dean!Jenny Salesa!Nanaia Mahuta!Mark Mitchell!Paul Goldsmith!Todd Muller!Jamie Strange!,Golriz Ghahraman!Kieran McAnulty!Stuart Smith!Kiritapu Allan!Peeni Henare!Todd McClay!Erica Stanford!Ginny Andersen!Chris Hipkins!Ian McKelvie!Chlöe Swarbrick!Stuart Nash!Jan Tinetti!Andrew Bayly!Damien O'Connor!Willie Jackson!Greg O'Connor!Philip Twyford!David Parker!Brooke van Velden!Chris Bishop!David Clark!Barbara Kuriger!Willow-Jean Prime!Angela Warren-Clark!Tāmati Coffey!Priyanca Radhakrishnan!Duncan Webb!Liz Craig!Grant Robertson!Arena Williams!Andrew Little!Nicola Willis!Marama Davidson!Jan Logie!Deborah Russell!Michael Wood!Kelvin Davis!Maria Lubeck!Eugenie Sage!Megan Woods!Matt Doocey!Jo Luxton!Carmel Sepuloni!Paul Eagle!David Seymour!James Shaw!Scott Simpson!JulieAnne Genter!AupitoWilliam Sio!
Abortion Legislation Bill — In Committee—Part 1,Harete Hipango!Simon O'Connor!Brooke van Velden!Simeon Brown!Michael Woodhouse!Gerry Brownlee!Chris Penk!Jacqui Dean!Melissa Lee!Maureen Pugh!Shane Reti!Mark Mitchell!Paul Goldsmith!Todd Muller!Louise Upston!,Golriz Ghahraman!Todd McClay!Erica Stanford!Kiritapu Allan!Ian McKelvie!Jamie Strange!Ginny Andersen!Peeni Henare!Chlöe Swarbrick!Chris Hipkins!Stuart Nash!Damien O'Connor!Jan Tinetti!Andrew Bayly!Greg O'Connor!Rino Tirikatene!David Bennett!David Parker!Willie Jackson!Philip Twyford!Chris Bishop!Willow-Jean Prime!Priyanca Radhakrishnan!Barbara Kuriger!Grant Robertson!Angela Warren-Clark!David Clark!Duncan Webb!Tāmati Coffey!Andrew Little!Adrian Rurawhe!Meka Whaitiri!Liz Craig!Jan Logie!Deborah Russell!Arena Williams!Maria Lubeck!Eugenie Sage!Nicola Willis!Marama Davidson!Jo Luxton!Jenny Salesa!Michael Wood!Kelvin Davis!Nanaia Mahuta!Carmel Sepuloni!Megan Woods!Matt Doocey!David Seymour!Paul Eagle!James Shaw!Scott Simpson!AupitoWilliam Sio!JulieAnne Genter!Kieran McAnulty!Stuart Smith!
Abortion Legislation Bill — In Committee—Part 1,David Clark!David Seymour!Marama Davidson!Maria Lubeck!James Shaw!JulieAnne Genter!Chlöe Swarbrick!Golriz Ghahraman!Eugenie Sage!Jan Logie!,Paul Goldsmith!Ian McKelvie!Kiritapu Allan!Stuart Smith!Ginny Andersen!Mark Mitchell!Erica Stanford!Peeni Henare!Todd Muller!Jamie Strange!Harete Hipango!Stuart Nash!Chris Hipkins!Jan Tinetti!Damien O'Connor!Rino Tirikatene!Andrew Bayly!Greg O'Connor!David Bennett!Willie Jackson!Simon O'Connor!Philip Twyford!David Parker!Louise Upston!Brooke van Velden!Chris Bishop!Chris Penk!Simeon Brown!Barbara Kuriger!Gerry Brownlee!Willow-Jean Prime!Angela Warren-Clark!Melissa Lee!Maureen Pugh!Duncan Webb!Tāmati Coffey!Priyanca Radhakrishnan!Meka Whaitiri!Liz Craig!Andrew Little!Shane Reti!Arena Williams!Grant Robertson!Nicola Willis!Kelvin Davis!Jo Luxton!Michael Woodhouse!Jacqui Dean!Adrian Rurawhe!Megan Woods!Matt Doocey!Nanaia Mahuta!Deborah Russell!Jenny Salesa!Paul Eagle!Carmel Sepuloni!Kieran McAnulty!Scott Simpson!Todd McClay!AupitoWilliam Sio!
Abortion Legislation Bill — In Committee—Part 1,Todd Muller!Louise Upston!David Bennett!Harete Hipango!Brooke van Velden!Simon O'Connor!Meka Whaitiri!Chris Penk!Simeon Brown!Melissa Lee!Maureen Pugh!Gerry Brownlee!Shane Reti!Jacqui Dean!Adrian Rurawhe!Nanaia Mahuta!Todd McClay!Paul Goldsmith!Ian McKelvie!Jamie Strange!Mark Mitchell!Rino Tirikatene!,Golriz Ghahraman!Erica Stanford!Kiritapu Allan!Peeni Henare!Stuart Nash!Chlöe Swarbrick!Ginny Andersen!Chris Hipkins!Damien O'Connor!Greg O'Connor!Jan Tinetti!David Parker!Andrew Bayly!Philip Twyford!Chris Bishop!Willie Jackson!Willow-Jean Prime!David Clark!Priyanca Radhakrishnan!Angela Warren-Clark!Tāmati Coffey!Barbara Kuriger!Grant Robertson!Duncan Webb!Liz Craig!Arena Williams!Andrew Little!Deborah Russell!Nicola Willis!Marama Davidson!Jan Logie!Eugenie Sage!Michael Wood!Kelvin Davis!Maria Lubeck!Jenny Salesa!Michael Woodhouse!Matt Doocey!Carmel Sepuloni!Megan Woods!Paul Eagle!David Seymour!James Shaw!Scott Simpson!JulieAnne Genter!Kieran McAnulty!Stuart Smith!
Abortion Legislation Bill — Second Reading,JulieAnne Genter!Kieran McAnulty!Stuart Smith!Kiritapu Allan!Golriz Ghahraman!Ian McKelvie!Erica Stanford!Ginny Andersen!Peeni Henare!Chlöe Swarbrick!Chris Hipkins!Mark Mitchell!Stuart Nash!Jan Tinetti!Andrew Bayly!Damien O'Connor!David Bennett!Greg O'Connor!Philip Twyford!Willie Jackson!David Parker!Brooke van Velden!Chris Bishop!Angela Warren-Clark!David Clark!Barbara Kuriger!Willow-Jean Prime!Duncan Webb!Tāmati Coffey!Priyanca Radhakrishnan!Arena Williams!Judith Collins!Grant Robertson!Nicola Willis!Liz Craig!Andrew Little!Michael Wood!Jan Logie!Deborah Russell!Megan Woods!Marama Davidson!Maria Lubeck!Eugenie Sage!Kelvin Davis!Jo Luxton!Carmel Sepuloni!Matt Doocey!David Seymour!Paul Eagle!James Shaw!Scott Simpson!AupitoWilliam Sio!,Harete Hipango!Chris Penk!Meka Whaitiri!Maureen Pugh!Michael Woodhouse!Melissa Lee!Shane Reti!Simeon Brown!Adrian Rurawhe!Jacqui Dean!Nanaia Mahuta!Jenny Salesa!Paul Goldsmith!Simon O'Connor!Jamie Strange!Rino Tirikatene!
End of Life Choice Bill — Third Reading,JulieAnne Genter!David Seymour!Kiritapu Allan!Golriz Ghahraman!James Shaw!Ginny Andersen!Peeni Henare!Scott Simpson!Chris Hipkins!Stuart Smith!Kieran McAnulty!Erica Stanford!Chlöe Swarbrick!Chris Bishop!Mark Mitchell!Tāmati Coffey!Willie Jackson!Stuart Nash!Brooke van Velden!Judith Collins!Greg O'Connor!Liz Craig!David Parker!Angela Warren-Clark!Duncan Webb!Marama Davidson!Barbara Kuriger!Nicola Willis!Kelvin Davis!Willow-Jean Prime!Megan Woods!Matt Doocey!Andrew Little!Priyanca Radhakrishnan!Jan Logie!Grant Robertson!Paul Eagle!Maria Lubeck!Jo Luxton!Eugenie Sage!Nanaia Mahuta!Carmel Sepuloni!Jan Tinetti!,Simon O'Connor!Andrew Bayly!Philip Twyford!David Bennett!Harete Hipango!Chris Penk!Louise Upston!Maureen Pugh!Shane Reti!Simeon Brown!Melissa Lee!Adrian Rurawhe!Meka Whaitiri!Gerry Brownlee!Deborah Russell!Arena Williams!Jenny Salesa!Michael Wood!David Clark!Todd McClay!Michael Woodhouse!Jacqui Dean!Ian McKelvie!AupitoWilliam Sio!Todd Muller!Jamie Strange!Paul Goldsmith!Damien O'Connor!Rino Tirikatene!
End of Life Choice Bill — In Committee—Part 3,Golriz Ghahraman!James Shaw!Kiritapu Allan!Peeni Henare!Scott Simpson!Ginny Andersen!Chris Hipkins!Stuart Smith!Kieran McAnulty!Erica Stanford!Mark Mitchell!Chlöe Swarbrick!Mark Mitchell!Chris Bishop!Willie Jackson!Stuart Nash!Jan Tinetti!Tāmati Coffey!Greg O'Connor!Judith Collins!David Parker!Angela Warren-Clark!Liz Craig!Duncan Webb!Barbara Kuriger!Nicola Willis!Marama Davidson!Willow-Jean Prime!Megan Woods!Kelvin Davis!Andrew Little!Priyanca Radhakrishnan!Matt Doocey!Jan Logie!Grant Robertson!Maria Lubeck!Paul Eagle!Jo Luxton!Eugenie Sage!Nanaia Mahuta!Carmel Sepuloni!JulieAnne Genter!David Seymour!,Simon O'Connor!Andrew Bayly!Philip Twyford!David Bennett!Harete Hipango!Chris Penk!Brooke van Velden!Maureen Pugh!Shane Reti!Simeon Brown!Melissa Lee!Adrian Rurawhe!Meka Whaitiri!Gerry Brownlee!Deborah Russell!Arena Williams!Jenny Salesa!Michael Wood!David Clark!Todd McClay!Michael Woodhouse!Jacqui Dean!Ian McKelvie!AupitoWilliam Sio!Todd Muller!Jamie Strange!Paul Goldsmith!Damien O'Connor!Rino Tirikatene!
End of Life Choice Bill — In Committee—Part 3,Andrew Bayly!Harete Hipango!Chris Penk!David Bennett!Maureen Pugh!Meka Whaitiri!Melissa Lee!Shane Reti!Arena Williams!Simeon Brown!Adrian Rurawhe!Michael Woodhouse!Gerry Brownlee!Jenny Salesa!Todd McClay!David Clark!Ian McKelvie!Jacqui Dean!Todd Muller!Jamie Strange!Rino Tirikatene!Damien O'Connor!Simon O'Connor!Philip Twyford!,Paul Goldsmith!AupitoWilliam Sio!Kiritapu Allan!Peeni Henare!Stuart Smith!Ginny Andersen!Chris Hipkins!Kieran McAnulty!Erica Stanford!Mark Mitchell!Chlöe Swarbrick!Mark Mitchell!Stuart Nash!Jan Tinetti!Willie Jackson!Greg O'Connor!Brooke van Velden!Chris Bishop!David Parker!Tāmati Coffey!Angela Warren-Clark!Judith Collins!Duncan Webb!Liz Craig!Barbara Kuriger!Willow-Jean Prime!Nicola Willis!Priyanca Radhakrishnan!Michael Wood!Marama Davidson!Grant Robertson!Megan Woods!Kelvin Davis!Andrew Little!Matt Doocey!Jan Logie!Deborah Russell!Maria Lubeck!Eugenie Sage!Paul Eagle!Jo Luxton!Carmel Sepuloni!Nanaia Mahuta!David Seymour!JulieAnne Genter!James Shaw!Golriz Ghahraman!Scott Simpson!
End of Life Choice Bill — In Committee—Part 3,Simon O'Connor!Louise Upston!Andrew Bayly!Brooke van Velden!David Bennett!Harete Hipango!Chris Penk!Maureen Pugh!Shane Reti!Meka Whaitiri!Simeon Brown!Melissa Lee!Adrian Rurawhe!Arena Williams!Gerry Brownlee!Jenny Salesa!Michael Wood!Michael Woodhouse!David Clark!Todd McClay!Jacqui Dean!Ian McKelvie!Jamie Strange!Todd Muller!Rino Tirikatene!Paul Goldsmith!Damien O'Connor!Philip Twyford!,Kiritapu Allan!Golriz Ghahraman!David Seymour!Ginny Andersen!Peeni Henare!James Shaw!Chris Hipkins!Scott Simpson!Kieran McAnulty!AupitoWilliam Sio!Stuart Smith!Chris Bishop!Mark Mitchell!Erica Stanford!Tāmati Coffey!Willie Jackson!Stuart Nash!Chlöe Swarbrick!Judith Collins!Greg O'Connor!Liz Craig!David Parker!Jan Tinetti!Marama Davidson!Barbara Kuriger!Angela Warren-Clark!Kelvin Davis!Willow-Jean Prime!Duncan Webb!Matt Doocey!Andrew Little!Priyanca Radhakrishnan!Nicola Willis!Jan Logie!Grant Robertson!Megan Woods!Paul Eagle!Maria Lubeck!Jo Luxton!Deborah Russell!Nanaia Mahuta!Eugenie Sage!JulieAnne Genter!Carmel Sepuloni!
End of Life Choice Bill — In Committee—Part 3,Simon O'Connor!Louise Upston!Andrew Bayly!David Bennett!Harete Hipango!Chris Penk!Maureen Pugh!Meka Whaitiri!Shane Reti!Arena Williams!Simeon Brown!Melissa Lee!Adrian Rurawhe!Michael Wood!Gerry Brownlee!Jenny Salesa!Michael Woodhouse!David Clark!Todd McClay!Jacqui Dean!Ian McKelvie!Jamie Strange!Todd Muller!Rino Tirikatene!Paul Goldsmith!Damien O'Connor!Philip Twyford!,Kiritapu Allan!Peeni Henare!AupitoWilliam Sio!Ginny Andersen!Chris Hipkins!Kieran McAnulty!Stuart Smith!Erica Stanford!Mark Mitchell!Chlöe Swarbrick!Stuart Nash!Chris Bishop!Willie Jackson!Greg O'Connor!Jan Tinetti!Tāmati Coffey!David Parker!Brooke van Velden!Judith Collins!Liz Craig!Angela Warren-Clark!Barbara Kuriger!Willow-Jean Prime!Duncan Webb!Marama Davidson!Priyanca Radhakrishnan!Nicola Willis!Kelvin Davis!Andrew Little!Grant Robertson!Megan Woods!Matt Doocey!Jan Logie!Maria Lubeck!Deborah Russell!Paul Eagle!Jo Luxton!Eugenie Sage!Nanaia Mahuta!Carmel Sepuloni!David Seymour!JulieAnne Genter!James Shaw!Golriz Ghahraman!Scott Simpson!
End of Life Choice Bill — In Committee—Part 2,Chris Penk!Andrew Bayly!Harete Hipango!Maureen Pugh!David Bennett!Shane Reti!Meka Whaitiri!Melissa Lee!Adrian Rurawhe!Arena Williams!Simeon Brown!Jenny Salesa!Michael Woodhouse!Gerry Brownlee!Todd McClay!David Clark!Ian McKelvie!Jamie Strange!Jacqui Dean!Todd Muller!Rino Tirikatene!Simon O'Connor!Philip Twyford!Louise Upston!,Kiritapu Allan!Golriz Ghahraman!David Seymour!Ginny Andersen!Paul Goldsmith!James Shaw!Peeni Henare!Scott Simpson!Chris Hipkins!AupitoWilliam Sio!Kieran McAnulty!Stuart Smith!Erica Stanford!Chris Bishop!Chlöe Swarbrick!Tāmati Coffey!Willie Jackson!Stuart Nash!Judith Collins!Greg O'Connor!Jan Tinetti!Liz Craig!David Parker!Brooke van Velden!Marama Davidson!Barbara Kuriger!Angela Warren-Clark!Kelvin Davis!Willow-Jean Prime!Duncan Webb!Matt Doocey!Priyanca Radhakrishnan!Nicola Willis!Andrew Little!Grant Robertson!Megan Woods!Paul Eagle!Jan Logie!Maria Lubeck!Deborah Russell!Jo Luxton!Eugenie Sage!JulieAnne Genter!Nanaia Mahuta!Carmel Sepuloni!
End of Life Choice Bill — In Committee—Part 2,Simon O'Connor!Philip Twyford!Andrew Bayly!Louise Upston!David Bennett!Harete Hipango!Chris Penk!Maureen Pugh!Shane Reti!Meka Whaitiri!Simeon Brown!Melissa Lee!Adrian Rurawhe!Arena Williams!Gerry Brownlee!Jenny Salesa!Michael Wood!Michael Woodhouse!David Clark!Todd McClay!AupitoWilliam Sio!Jacqui Dean!Ian McKelvie!Todd Muller!Jamie Strange!Rino Tirikatene!Paul Goldsmith!Damien O'Connor!,Kiritapu Allan!Golriz Ghahraman!David Seymour!Ginny Andersen!Peeni Henare!James Shaw!Chris Hipkins!Scott Simpson!Kieran McAnulty!Stuart Smith!Erica Stanford!Chris Bishop!Mark Mitchell!Chlöe Swarbrick!Tāmati Coffey!Willie Jackson!Stuart Nash!Judith Collins!Greg O'Connor!Jan Tinetti!Liz Craig!David Parker!Brooke van Velden!Marama Davidson!Barbara Kuriger!Angela Warren-Clark!Kelvin Davis!Willow-Jean Prime!Duncan Webb!Matt Doocey!Andrew Little!Priyanca Radhakrishnan!Nicola Willis!Jan Logie!Grant Robertson!Megan Woods!Paul Eagle!Maria Lubeck!Jo Luxton!Deborah Russell!Nanaia Mahuta!Eugenie Sage!JulieAnne Genter!Carmel Sepuloni!
End of Life Choice Bill — In Committee—Part 2,Kiritapu Allan!Brooke van Velden!Chris Penk!Andrew Bayly!Harete Hipango!Maureen Pugh!David Bennett!Shane Reti!Meka Whaitiri!Adrian Rurawhe!Arena Williams!Melissa Lee!Jenny Salesa!Michael Wood!Simeon Brown!Michael Woodhouse!Gerry Brownlee!AupitoWilliam Sio!Todd McClay!David Clark!Ian McKelvie!Jamie Strange!Jacqui Dean!Todd Muller!Rino Tirikatene!Damien O'Connor!Philip Twyford!Paul Goldsmith!Simon O'Connor!Louise Upston!,Ginny Andersen!Peeni Henare!James Shaw!Chris Hipkins!Scott Simpson!Kieran McAnulty!Stuart Smith!Erica Stanford!Chris Bishop!Mark Mitchell!Chlöe Swarbrick!Tāmati Coffey!Willie Jackson!Stuart Nash!Judith Collins!Greg O'Connor!Jan Tinetti!Liz Craig!David Parker!Angela Warren-Clark!Marama Davidson!Barbara Kuriger!Duncan Webb!Kelvin Davis!Willow-Jean Prime!Nicola Willis!Matt Doocey!Andrew Little!Priyanca Radhakrishnan!Megan Woods!Jan Logie!Grant Robertson!Paul Eagle!Maria Lubeck!Jo Luxton!Deborah Russell!Nanaia Mahuta!Eugenie Sage!JulieAnne Genter!Carmel Sepuloni!Golriz Ghahraman!David Seymour!
End of Life Choice Bill — In Committee—Part 2,Kiritapu Allan!Chris Penk!Andrew Bayly!Harete Hipango!Maureen Pugh!Meka Whaitiri!David Bennett!Shane Reti!Arena Williams!Adrian Rurawhe!Michael Wood!Melissa Lee!Jenny Salesa!Michael Woodhouse!Simeon Brown!Gerry Brownlee!AupitoWilliam Sio!Todd McClay!David Clark!Ian McKelvie!Jamie Strange!Jacqui Dean!Todd Muller!Rino Tirikatene!Damien O'Connor!Philip Twyford!Paul Goldsmith!Simon O'Connor!Louise Upston!,Ginny Andersen!Peeni Henare!James Shaw!Chris Hipkins!Scott Simpson!Kieran McAnulty!Stuart Smith!Erica Stanford!Chris Bishop!Mark Mitchell!Chlöe Swarbrick!Tāmati Coffey!Willie Jackson!Stuart Nash!Judith Collins!Greg O'Connor!Jan Tinetti!Liz Craig!David Parker!Brooke van Velden!Marama Davidson!Barbara Kuriger!Angela Warren-Clark!Kelvin Davis!Willow-Jean Prime!Duncan Webb!Matt Doocey!Andrew Little!Priyanca Radhakrishnan!Nicola Willis!Jan Logie!Grant Robertson!Megan Woods!Paul Eagle!Maria Lubeck!Jo Luxton!Deborah Russell!Nanaia Mahuta!Eugenie Sage!JulieAnne Genter!Carmel Sepuloni!Golriz Ghahraman!David Seymour!
Abortion Legislation Bill — First Reading,Kiritapu Allan!Scott Simpson!Ginny Andersen!JulieAnne Genter!AupitoWilliam Sio!Golriz Ghahraman!Kieran McAnulty!Stuart Smith!Paul Goldsmith!Todd McClay!Erica Stanford!Ian McKelvie!Jamie Strange!Andrew Bayly!Peeni Henare!Chlöe Swarbrick!David Bennett!Chris Hipkins!Mark Mitchell!Todd Muller!Jan Tinetti!Stuart Nash!Chris Bishop!Damien O'Connor!Philip Twyford!Willie Jackson!Greg O'Connor!Brooke van Velden!David Parker!David Clark!Tāmati Coffey!Angela Warren-Clark!Judith Collins!Barbara Kuriger!Willow-Jean Prime!Duncan Webb!Liz Craig!Priyanca Radhakrishnan!Meka Whaitiri!Grant Robertson!Arena Williams!Marama Davidson!Andrew Little!Nicola Willis!Kelvin Davis!Jan Logie!Deborah Russell!Michael Wood!Matt Doocey!Maria Lubeck!Eugenie Sage!Megan Woods!Jo Luxton!Nanaia Mahuta!Carmel Sepuloni!Paul Eagle!David Seymour!James Shaw!,Maureen Pugh!Simeon Brown!Melissa Lee!Shane Reti!Gerry Brownlee!Adrian Rurawhe!Jacqui Dean!Jenny Salesa!Simon O'Connor!Rino Tirikatene!Harete Hipango!Chris Penk!Michael Woodhouse!Louise Upston!
End of Life Choice Bill — In Committee—Part 1,Simon O'Connor!Philip Twyford!David Bennett!Harete Hipango!Louise Upston!Chris Penk!Maureen Pugh!Simeon Brown!Melissa Lee!Adrian Rurawhe!Meka Whaitiri!Gerry Brownlee!Deborah Russell!Michael Wood!Jenny Salesa!Michael Woodhouse!David Clark!Todd McClay!Jacqui Dean!Ian McKelvie!Todd Muller!Jamie Strange!Rino Tirikatene!Paul Goldsmith!Damien O'Connor!,Golriz Ghahraman!AupitoWilliam Sio!Ginny Andersen!Peeni Henare!Stuart Smith!Chris Hipkins!Kieran McAnulty!Erica Stanford!Chlöe Swarbrick!Andrew Bayly!Mark Mitchell!Stuart Nash!Jan Tinetti!Chris Bishop!Willie Jackson!Greg O'Connor!Brooke van Velden!Tāmati Coffey!David Parker!Judith Collins!Angela Warren-Clark!Liz Craig!Duncan Webb!Barbara Kuriger!Willow-Jean Prime!Arena Williams!Marama Davidson!Priyanca Radhakrishnan!Nicola Willis!Kelvin Davis!Andrew Little!Grant Robertson!Megan Woods!Matt Doocey!Jan Logie!Maria Lubeck!Eugenie Sage!Paul Eagle!Jo Luxton!Carmel Sepuloni!Nanaia Mahuta!David Seymour!James Shaw!JulieAnne Genter!Scott Simpson!Kiritapu Allan!
End of Life Choice Bill — Second Reading,Peeni Henare!Scott Simpson!Ginny Andersen!Chris Hipkins!Stuart Smith!Kieran McAnulty!Erica Stanford!Chlöe Swarbrick!Mark Mitchell!Chris Bishop!Willie Jackson!Stuart Nash!Jan Tinetti!Tāmati Coffey!Greg O'Connor!Brooke van Velden!Judith Collins!David Parker!Liz Craig!Angela Warren-Clark!Barbara Kuriger!Duncan Webb!Marama Davidson!Willow-Jean Prime!Arena Williams!Kelvin Davis!Andrew Little!Priyanca Radhakrishnan!Nicola Willis!Matt Doocey!Jan Logie!Grant Robertson!Megan Woods!Paul Eagle!Maria Lubeck!Jo Luxton!Eugenie Sage!Carmel Sepuloni!JulieAnne Genter!David Seymour!Golriz Ghahraman!Nanaia Mahuta!James Shaw!,Kiritapu Allan!Paul Goldsmith!Damien O'Connor!Rino Tirikatene!Simon O'Connor!Andrew Bayly!Philip Twyford!David Bennett!Harete Hipango!Chris Penk!Louise Upston!Maureen Pugh!Shane Reti!Simeon Brown!Melissa Lee!Adrian Rurawhe!Meka Whaitiri!Gerry Brownlee!Deborah Russell!Michael Wood!Jenny Salesa!Michael Woodhouse!David Clark!Todd McClay!Jacqui Dean!Ian McKelvie!AupitoWilliam Sio!Todd Muller!Jamie Strange!
Sale and Supply of Alcohol (Renewal of Licences) Amendment Bill (No 2) — First Reading,Ginny Andersen!AupitoWilliam Sio!Stuart Nash!Jamie Strange!Willie Jackson!Greg O'Connor!Chlöe Swarbrick!David Clark!Damien O'Connor!Tāmati Coffey!David Parker!Jan Tinetti!Liz Craig!Rino Tirikatene!Andrew Little!Philip Twyford!Marama Davidson!Jan Logie!Willow-Jean Prime!Kelvin Davis!Maria Lubeck!Priyanca Radhakrishnan!Angela Warren-Clark!Jo Luxton!Grant Robertson!Duncan Webb!Paul Eagle!Nanaia Mahuta!Adrian Rurawhe!Meka Whaitiri!Deborah Russell!Arena Williams!JulieAnne Genter!Eugenie Sage!Michael Wood!Golriz Ghahraman!Jenny Salesa!Megan Woods!Peeni Henare!Carmel Sepuloni!Chris Hipkins!Kieran McAnulty!James Shaw!Kiritapu Allan!,Todd McClay!Erica Stanford!Ian McKelvie!Mark Mitchell!Louise Upston!Andrew Bayly!Paul Goldsmith!Todd Muller!Brooke van Velden!David Bennett!Chris Bishop!Simon O'Connor!Harete Hipango!Michael Woodhouse!Simeon Brown!Chris Penk!Gerry Brownlee!Shane Reti!Judith Collins!David Seymour!Jacqui Dean!Scott Simpson!Matt Doocey!Melissa Lee!Stuart Smith!Barbara Kuriger!
Misuse of Drugs (Medicinal Cannabis and Other Matters) Amendment Bill — First Reading,Kiritapu Allan!Golriz Ghahraman!Willow-Jean Prime!Rino Tirikatene!Ginny Andersen!Chris Hipkins!Priyanca Radhakrishnan!Philip Twyford!Grant Robertson!David Clark!Adrian Rurawhe!Angela Warren-Clark!Tāmati Coffey!Andrew Little!Deborah Russell!Duncan Webb!Liz Craig!Jan Logie!Eugenie Sage!Michael Wood!Maria Lubeck!Carmel Sepuloni!Megan Woods!Marama Davidson!Jo Luxton!David Seymour!Kelvin Davis!Nanaia Mahuta!James Shaw!AupitoWilliam Sio!Paul Eagle!Kieran McAnulty!Jamie Strange!Damien O'Connor!Chlöe Swarbrick!JulieAnne Genter!David Parker!Jan Tinetti!,Paul Goldsmith!Todd McClay!Stuart Smith!Ian McKelvie!Erica Stanford!Peeni Henare!Andrew Bayly!Harete Hipango!Mark Mitchell!David Bennett!Todd Muller!Louise Upston!Willie Jackson!Stuart Nash!Brooke van Velden!Chris Bishop!Greg O'Connor!Simeon Brown!Simon O'Connor!Meka Whaitiri!Gerry Brownlee!Arena Williams!Michael Woodhouse!Chris Penk!Judith Collins!Barbara Kuriger!Jacqui Dean!Shane Reti!Melissa Lee!Jenny Salesa!Scott Simpson!Matt Doocey!
End of Life Choice Bill — First Reading,Stuart Smith!Kiritapu Allan!Peeni Henare!Erica Stanford!Ginny Andersen!Harete Hipango!Kieran McAnulty!Chlöe Swarbrick!Chris Hipkins!Mark Mitchell!Stuart Nash!Jan Tinetti!Greg O'Connor!Chris Bishop!David Parker!Brooke van Velden!Tāmati Coffey!Willie Jackson!Liz Craig!Willow-Jean Prime!Angela Warren-Clark!Priyanca Radhakrishnan!Duncan Webb!Marama Davidson!Barbara Kuriger!Grant Robertson!Meka Whaitiri!Kelvin Davis!Michael Wood!Matt Doocey!Andrew Little!Adrian Rurawhe!Megan Woods!Jan Logie!Deborah Russell!Paul Eagle!Maria Lubeck!Eugenie Sage!Jo Luxton!Carmel Sepuloni!Nanaia Mahuta!David Seymour!JulieAnne Genter!James Shaw!Golriz Ghahraman!Scott Simpson!,Philip Twyford!Andrew Bayly!Paul Goldsmith!Damien O'Connor!Louise Upston!David Bennett!Simon O'Connor!Arena Williams!Simeon Brown!Chris Penk!Michael Woodhouse!Gerry Brownlee!Shane Reti!Jenny Salesa!David Clark!Melissa Lee!Judith Collins!AupitoWilliam Sio!Jacqui Dean!Todd McClay!Ian McKelvie!Jamie Strange!Todd Muller!Rino Tirikatene!
Shop Trading Hours Amendment Bill — Third Reading,Barbara Kuriger!Melissa Lee!David Seymour!Scott Simpson!Andrew Bayly!Todd McClay!Stuart Smith!David Bennett!Ian McKelvie!Chris Bishop!Paul Goldsmith!Mark Mitchell!Louise Upston!Todd Muller!Gerry Brownlee!Michael Woodhouse!Simon O'Connor!Judith Collins!Jacqui Dean!Maureen Pugh!Matt Doocey!Shane Reti!,Carmel Sepuloni!JulieAnne Genter!James Shaw!Stuart Nash!AupitoWilliam Sio!Damien O'Connor!David Clark!Peeni Henare!Chris Hipkins!Rino Tirikatene!David Parker!Philip Twyford!Andrew Little!Marama Davidson!Jan Logie!Grant Robertson!Meka Whaitiri!Kelvin Davis!Nanaia Mahuta!Arena Williams!Adrian Rurawhe!Megan Woods!Eugenie Sage!Jenny Salesa!
Shop Trading Hours Amendment Bill — In Committee,,
Shop Trading Hours Amendment Bill — Second Reading,,
Appointments — Abortion Supervisory Committee,Melissa Lee!Todd McClay!Michael Woodhouse!Jacqui Dean!Peeni Henare!,David Bennett!Carmel Sepuloni!Gerry Brownlee!Stuart Nash!David Parker!Philip Twyford!Kelvin Davis!Grant Robertson!
Sale of Liquor (Objections to Applications) Amendment Bill — Second Reading,Grant Robertson!Carmel Sepuloni!AupitoWilliam Sio!Nanaia Mahuta!Stuart Nash!Chris Hipkins!Philip Twyford!David Parker!Kelvin Davis!,Jacqui Dean!Melissa Lee!David Bennett!Louise Upston!Todd McClay!Gerry Brownlee!Michael Woodhouse!Peeni Henare!Judith Collins!
Manukau City Council (Regulation of Prostitution in Specified Places) Bill — First Reading,Melissa Lee!AupitoWilliam Sio!Nanaia Mahuta!Todd McClay!Gerry Brownlee!Stuart Nash!Philip Twyford!Louise Upston!David Parker!Peeni Henare!Judith Collins!Michael Woodhouse!Kelvin Davis!Jacqui Dean!David Bennett!,Chris Hipkins!Grant Robertson!Carmel Sepuloni!
Shop Trading Hours Act 1990 Repeal (Easter Sunday Local Choice) Amendment Bill — First Reading,Jacqui Dean!David Bennett!Melissa Lee!Todd McClay!Louise Upston!Gerry Brownlee!Peeni Henare!Michael Woodhouse!Judith Collins!,Grant Robertson!Carmel Sepuloni!Nanaia Mahuta!AupitoWilliam Sio!Chris Hipkins!Stuart Nash!Philip Twyford!Kelvin Davis!David Parker!
Liquor Advertising (Television and Radio) Bill — First Reading,AupitoWilliam Sio!Philip Twyford!Nanaia Mahuta!Kelvin Davis!Chris Hipkins!Grant Robertson!,Jacqui Dean!Carmel Sepuloni!Melissa Lee!David Bennett!Gerry Brownlee!Louise Upston!Stuart Nash!Peeni Henare!Michael Woodhouse!Judith Collins!
Misuse of Drugs (Medicinal Cannabis) Amendment Bill — First Reading,Grant Robertson!Carmel Sepuloni!Philip Twyford!Chris Hipkins!,Jacqui Dean!AupitoWilliam Sio!Melissa Lee!David Bennett!Nanaia Mahuta!Todd McClay!Louise Upston!Gerry Brownlee!Stuart Nash!Peeni Henare!David Parker!Michael Woodhouse!Judith Collins!Kelvin Davis!
Sale of Liquor (Youth Alcohol Harm Reduction) Amendment Bill — Second Reading,Grant Robertson!Carmel Sepuloni!AupitoWilliam Sio!Nanaia Mahuta!Chris Hipkins!Philip Twyford!Kelvin Davis!David Parker!,Melissa Lee!David Bennett!Todd McClay!Louise Upston!Gerry Brownlee!Peeni Henare!Michael Woodhouse!Judith Collins!Jacqui Dean!
Sale of Liquor (Objections to Applications) Amendment Bill — First Reading,Jacqui Dean!AupitoWilliam Sio!David Bennett!Nanaia Mahuta!Simeon Brown!Gerry Brownlee!David Parker!David Clark!Peeni Henare!Judith Collins!Grant Robertson!,
Appointments — Abortion Supervisory Committee,David Bennett!Nanaia Mahuta!David Parker!David Clark!Peeni Henare!Grant Robertson!,Simeon Brown!Gerry Brownlee!Judith Collins!
Appointments — Abortion Supervisory Committee,Judith Collins!Simeon Brown!,Nanaia Mahuta!David Parker!David Clark!Grant Robertson!
Appointments — Abortion Supervisory Committee,Gerry Brownlee!Judith Collins!Peeni Henare!,David Bennett!Nanaia Mahuta!David Parker!David Clark!Grant Robertson!
Shop Trading Hours Act Repeal (Easter Trading)Amendment Bill — Second Reading,Judith Collins!David Bennett!David Parker!David Clark!,Nanaia Mahuta!Gerry Brownlee!Grant Robertson!
Easter Sunday Shop Trading Amendment Bill — Second Reading,David Bennett!Judith Collins!,Nanaia Mahuta!Simeon Brown!Gerry Brownlee!David Parker!David Clark!Grant Robertson!
Sale of Liquor (Youth Alcohol Harm Reduction: Purchase Age) Amendment Bill — Second Reading,Simeon Brown!,Judith Collins!David Bennett!Gerry Brownlee!Peeni Henare!David Clark!
Manukau City Council (Control of Street Prostitution) Bill — Second Reading,David Bennett!Simeon Brown!Gerry Brownlee!Judith Collins!,David Bennett!Nanaia Mahuta!Damien O'Connor!David Clark!David Parker!
Shop Trading Hours Act Repeal (Easter Trading)  Amendment Bill — First Reading,David Bennett!Nanaia Mahuta!David Parker!David Clark!Judith Collins!,Gerry Brownlee!Grant Robertson!
Easter Sunday Shop Trading Amendment Bill — First Reading,David Bennett!David Parker!Gerry Brownlee!David Clark!Judith Collins!,Nanaia Mahuta!Grant Robertson!
Sale of Liquor (Youth Alcohol Harm Reduction)  Amendment Bill — First Reading,Simeon Brown!David Parker!Gerry Brownlee!David Clark!Judith Collins!Grant Robertson!,
Relationships (Statutory References) Bill; AND BILLS THEREFROM — Third Readings,Nanaia Mahuta!Damien O'Connor!David Clark!David Parker!Grant Robertson!,Simeon Brown!Gerry Brownlee!Judith Collins!
Relationships (Statutory References) Bill; AND BILLS THEREFROM — Third Readings,Nanaia Mahuta!Damien O'Connor!David Clark!David Parker!Grant Robertson!,Simeon Brown!Gerry Brownlee!Judith Collins!
Relationships (Statutory References) Bill; AND BILLS THEREFROM — Third Readings,Nanaia Mahuta!Damien O'Connor!David Clark!David Parker!Grant Robertson!,Simeon Brown!Gerry Brownlee!Judith Collins!
Relationships (Statutory References) Bill; AND BILLS THEREFROM — Third Readings,Nanaia Mahuta!David Clark!Damien O'Connor!David Parker!Grant Robertson!,Simeon Brown!Gerry Brownlee!Judith Collins!
Relationships (Statutory References) Bill; AND BILLS THEREFROM — Third Readings,Nanaia Mahuta!Damien O'Connor!David Clark!David Parker!Grant Robertson!,Simeon Brown!Gerry Brownlee!Judith Collins!
Relationships (Statutory References) Bill; AND BILLS THEREFROM — Third Readings,Nanaia Mahuta!Damien O'Connor!David Clark!David Parker!Grant Robertson!,Simeon Brown!Gerry Brownlee!Judith Collins!
Relationships (Statutory References) Bill; AND BILLS THEREFROM — Third Readings,Nanaia Mahuta!Damien O'Connor!David Clark!David Parker!Grant Robertson!,Simeon Brown!Gerry Brownlee!Judith Collins!
Relationships (Statutory References) Bill; AND BILLS THEREFROM — Third Readings,Nanaia Mahuta!Damien O'Connor!David Clark!David Parker!Grant Robertson!,Simeon Brown!Gerry Brownlee!Judith Collins!
Relationships (Statutory References) Bill; AND BILLS THEREFROM — Third Readings,Nanaia Mahuta!David Clark!Damien O'Connor!David Parker!Grant Robertson!,Simeon Brown!Gerry Brownlee!Judith Collins!
Relationships (Statutory References) Bill; AND BILLS THEREFROM — Third Readings,Nanaia Mahuta!David Clark!Damien O'Connor!David Parker!Grant Robertson!,Gerry Brownlee!Judith Collins!
Relationships (Statutory References) Bill; AND BILLS THEREFROM — Third Readings,Nanaia Mahuta!David Clark!Damien O'Connor!David Parker!Grant Robertson!,Gerry Brownlee!Judith Collins!
Relationships (Statutory References) Bill; AND BILLS THEREFROM — Third Readings,Nanaia Mahuta!David Clark!Damien O'Connor!David Parker!Grant Robertson!,Simeon Brown!Gerry Brownlee!Judith Collins!
Relationships (Statutory References) Bill; AND BILLS THEREFROM — Third Readings,Nanaia Mahuta!David Clark!Damien O'Connor!David Parker!Grant Robertson!,Simeon Brown!Gerry Brownlee!Judith Collins!
Relationships (Statutory References) Bill; AND BILLS THEREFROM — Third Readings,Nanaia Mahuta!David Clark!Damien O'Connor!David Parker!Grant Robertson!,Simeon Brown!Gerry Brownlee!Judith Collins!
Relationships (Statutory References) Bill; AND BILLS THEREFROM — Third Readings,Nanaia Mahuta!David Clark!Damien O'Connor!David Parker!Grant Robertson!,Simeon Brown!Gerry Brownlee!Judith Collins!
Relationships (Statutory References) Bill; AND BILLS THEREFROM — Third Readings,Nanaia Mahuta!David Clark!Damien O'Connor!David Parker!Grant Robertson!,Simeon Brown!Gerry Brownlee!Judith Collins!
Relationships (Statutory References) Bill; AND BILLS THEREFROM — Third Readings,Nanaia Mahuta!David Clark!Damien O'Connor!David Parker!Grant Robertson!,Simeon Brown!Gerry Brownlee!Judith Collins!
Relationships (Statutory References) Bill; AND BILLS THEREFROM — Third Readings,Nanaia Mahuta!David Clark!Damien O'Connor!David Parker!Grant Robertson!,Simeon Brown!Gerry Brownlee!Judith Collins!
Relationships (Statutory References) Bill; AND BILLS THEREFROM — Third Readings,Nanaia Mahuta!David Clark!Damien O'Connor!David Parker!Grant Robertson!,Simeon Brown!Gerry Brownlee!Judith Collins!
Relationships (Statutory References) Bill; AND BILLS THEREFROM — Third Readings,Nanaia Mahuta!David Clark!Damien O'Connor!David Parker!Grant Robertson!,Simeon Brown!Gerry Brownlee!Judith Collins!
Relationships (Statutory References) Bill; AND BILLS THEREFROM — Third Readings,Nanaia Mahuta!David Clark!Damien O'Connor!David Parker!Grant Robertson!,Simeon Brown!Gerry Brownlee!Judith Collins!
Relationships (Statutory References) Bill; AND BILLS THEREFROM — Third Readings,Nanaia Mahuta!David Clark!Damien O'Connor!David Parker!Grant Robertson!,Simeon Brown!Gerry Brownlee!Judith Collins!
Relationships (Statutory References) Bill; AND BILLS THEREFROM — Third Readings,Nanaia Mahuta!David Clark!Damien O'Connor!David Parker!Grant Robertson!,Simeon Brown!Gerry Brownlee!Judith Collins!
Relationships (Statutory References) Bill — In Committee,Nanaia Mahuta!Damien O'Connor!David Parker!David Clark!Grant Robertson!,Simeon Brown!Gerry Brownlee!Judith Collins!
Relationships (Statutory References) Bill — In Committee,Nanaia Mahuta!Damien O'Connor!David Parker!David Clark!Grant Robertson!,Simeon Brown!Gerry Brownlee!Judith Collins!
Relationships (Statutory References) Bill — In Committee,Nanaia Mahuta!Damien O'Connor!David Clark!David Parker!Grant Robertson!,Simeon Brown!Gerry Brownlee!Judith Collins!
Relationships (Statutory References) Bill — In Committee,Nanaia Mahuta!David Clark!Damien O'Connor!David Parker!Grant Robertson!,Simeon Brown!Judith Collins!
Relationships (Statutory References) Bill — In Committee,Nanaia Mahuta!Damien O'Connor!David Clark!David Parker!Grant Robertson!,Simeon Brown!Gerry Brownlee!Judith Collins!
Relationships (Statutory References) Bill — In Committee,Nanaia Mahuta!Damien O'Connor!David Clark!David Parker!Grant Robertson!,Gerry Brownlee!Judith Collins!
Relationships (Statutory References) Bill — In Committee,Judith Collins!,Nanaia Mahuta!Gerry Brownlee!Damien O'Connor!David Parker!David Clark!Grant Robertson!
Relationships (Statutory References) Bill — In Committee,Judith Collins!,Nanaia Mahuta!Gerry Brownlee!Damien O'Connor!David Parker!David Clark!Grant Robertson!
Relationships (Statutory References) Bill — In Committee,Nanaia Mahuta!Damien O'Connor!David Parker!David Clark!Grant Robertson!,Gerry Brownlee!Judith Collins!
Relationships (Statutory References) Bill — In Committee,Nanaia Mahuta!Damien O'Connor!David Clark!David Parker!Grant Robertson!,Gerry Brownlee!Judith Collins!
Relationships (Statutory References) Bill — In Committee,Nanaia Mahuta!Damien O'Connor!David Clark!David Parker!Grant Robertson!,Damien Smith!Gerry Brownlee!Judith Collins!
Relationships (Statutory References) Bill — In Committee,Nanaia Mahuta!David Parker!David Clark!Grant Robertson!,Gerry Brownlee!Judith Collins!
Relationships (Statutory References) Bill — In Committee,Nanaia Mahuta!David Clark!David Parker!Grant Robertson!,Gerry Brownlee!Judith Collins!
Relationships (Statutory References) Bill — In Committee,,Nanaia Mahuta!Gerry Brownlee!David Parker!David Clark!Judith Collins!Grant Robertson!
Relationships (Statutory References) Bill — In Committee,,Nanaia Mahuta!Gerry Brownlee!David Parker!David Clark!Judith Collins!Grant Robertson!
Relationships (Statutory References) Bill — Second Reading,Nanaia Mahuta!Damien O'Connor!David Parker!David Clark!Grant Robertson!,Gerry Brownlee!Judith Collins!
Relationships (Statutory References) Bill — Second Reading,Nanaia Mahuta!Damien O'Connor!David Parker!David Clark!Grant Robertson!,Gerry Brownlee!Judith Collins!
"Civil Union Bill — Procedure, Third Reading",Nanaia Mahuta!David Parker!David Clark!,Simeon Brown!Gerry Brownlee!Grant Robertson!Judith Collins!
"Civil Union Bill — In Committee, Procedure",Nanaia Mahuta!David Clark!Grant Robertson!,Gerry Brownlee!Judith Collins!
"Civil Union Bill — In Committee, Procedure",Nanaia Mahuta!David Parker!David Clark!,Gerry Brownlee!Grant Robertson!Judith Collins!
"Civil Union Bill — In Committee, Procedure",Judith Collins!,Nanaia Mahuta!Gerry Brownlee!David Parker!David Clark!
"Civil Union Bill — In Committee, Procedure",Gerry Brownlee!Judith Collins!,Nanaia Mahuta!David Parker!David Clark!
"Civil Union Bill — In Committee, Procedure",Nanaia Mahuta!David Parker!David Clark!,Damien O'Connor!Simeon Brown!Gerry Brownlee!Grant Robertson!Judith Collins!
"Civil Union Bill — In Committee, Procedure",Nanaia Mahuta!David Parker!David Clark!,Simeon Brown!Gerry Brownlee!Grant Robertson!Judith Collins!Damien O'Connor!
"Civil Union Bill — In Committee, Procedure",Simeon Brown!Judith Collins!,Nanaia Mahuta!Gerry Brownlee!Damien O'Connor!David Clark!David Parker!Grant Robertson!
"Civil Union Bill — In Committee, Procedure",Simeon Brown!Judith Collins!,Nanaia Mahuta!Gerry Brownlee!Damien O'Connor!David Clark!David Parker!Grant Robertson!
"Civil Union Bill — In Committee, Procedure",Simeon Brown!Judith Collins!,Nanaia Mahuta!Gerry Brownlee!Damien O'Connor!David Clark!David Parker!Grant Robertson!
"Civil Union Bill — In Committee, Procedure",Nanaia Mahuta!David Parker!David Clark!,Simeon Brown!Gerry Brownlee!Grant Robertson!Judith Collins!Damien O'Connor!
"Civil Union Bill — In Committee, Procedure",Nanaia Mahuta!David Parker!David Clark!,Simeon Brown!Gerry Brownlee!Grant Robertson!Judith Collins!Damien O'Connor!
"Civil Union Bill — In Committee, Procedure",Nanaia Mahuta!David Parker!David Clark!,Simeon Brown!Gerry Brownlee!Grant Robertson!Judith Collins!
"Civil Union Bill — In Committee, Procedure",Nanaia Mahuta!David Parker!David Clark!,Simeon Brown!Gerry Brownlee!Grant Robertson!Judith Collins!
"Civil Union Bill — In Committee, Procedure",Nanaia Mahuta!David Parker!David Clark!,Simeon Brown!Gerry Brownlee!Grant Robertson!Judith Collins!
"Civil Union Bill — In Committee, Procedure",Simeon Brown!Judith Collins!,Nanaia Mahuta!Gerry Brownlee!Damien O'Connor!David Parker!David Clark!Grant Robertson!
"Civil Union Bill — In Committee, Procedure",Simeon Brown!Judith Collins!,Nanaia Mahuta!Gerry Brownlee!Damien O'Connor!David Parker!David Clark!Grant Robertson!
"Civil Union Bill — In Committee, Procedure",Simeon Brown!Judith Collins!,Nanaia Mahuta!Gerry Brownlee!Damien O'Connor!David Parker!David Clark!Grant Robertson!
"Civil Union Bill — In Committee, Procedure",Simeon Brown!Judith Collins!,Nanaia Mahuta!Gerry Brownlee!Damien O'Connor!David Parker!David Clark!Grant Robertson!
"Civil Union Bill — In Committee, Procedure",Simeon Brown!Judith Collins!,Nanaia Mahuta!Gerry Brownlee!Damien O'Connor!David Parker!David Clark!Grant Robertson!
"Civil Union Bill — In Committee, Procedure",Simeon Brown!Judith Collins!,Nanaia Mahuta!Gerry Brownlee!Damien O'Connor!David Parker!David Clark!Grant Robertson!
"Civil Union Bill — In Committee, Procedure",Simeon Brown!Judith Collins!,Nanaia Mahuta!Gerry Brownlee!Damien O'Connor!David Parker!David Clark!Grant Robertson!
"Civil Union Bill — In Committee, Procedure",Simeon Brown!Judith Collins!,Nanaia Mahuta!Gerry Brownlee!Damien O'Connor!David Parker!David Clark!Grant Robertson!
"Civil Union Bill — In Committee, Procedure",Simeon Brown!Judith Collins!,Nanaia Mahuta!Gerry Brownlee!Damien O'Connor!David Parker!David Clark!Grant Robertson!
"Civil Union Bill — In Committee, Procedure",Judith Collins!,Nanaia Mahuta!Gerry Brownlee!Damien O'Connor!David Parker!David Clark!Grant Robertson!
"Civil Union Bill — In Committee, Procedure",Judith Collins!,Nanaia Mahuta!Gerry Brownlee!Damien O'Connor!David Parker!David Clark!Grant Robertson!
"Civil Union Bill — In Committee, Procedure",Judith Collins!,Nanaia Mahuta!Gerry Brownlee!Damien O'Connor!David Parker!David Clark!Grant Robertson!
"Civil Union Bill — In Committee, Procedure",,Nanaia Mahuta!Gerry Brownlee!Damien O'Connor!David Parker!David Clark!Judith Collins!Grant Robertson!
"Civil Union Bill — In Committee, Procedure",Judith Collins!,Nanaia Mahuta!Gerry Brownlee!Damien O'Connor!David Parker!David Clark!Grant Robertson!
"Civil Union Bill — In Committee, Procedure",Judith Collins!,Nanaia Mahuta!Gerry Brownlee!Damien O'Connor!David Parker!David Clark!Grant Robertson!
"Civil Union Bill — In Committee, Procedure",Judith Collins!,Nanaia Mahuta!Gerry Brownlee!Damien O'Connor!David Clark!David Parker!Grant Robertson!
"Civil Union Bill — In Committee, Procedure",Judith Collins!,Nanaia Mahuta!Gerry Brownlee!Damien O'Connor!David Clark!David Parker!Grant Robertson!
"Civil Union Bill — In Committee, Procedure",Judith Collins!,Nanaia Mahuta!Gerry Brownlee!Damien O'Connor!David Clark!David Parker!Grant Robertson!
"Civil Union Bill — In Committee, Procedure",Judith Collins!,Nanaia Mahuta!Gerry Brownlee!Damien O'Connor!David Clark!David Parker!Grant Robertson!
"Civil Union Bill — In Committee, Procedure",Judith Collins!,Nanaia Mahuta!Gerry Brownlee!Damien O'Connor!David Clark!David Parker!Grant Robertson!
"Civil Union Bill — In Committee, Procedure",Judith Collins!,Nanaia Mahuta!Gerry Brownlee!Damien O'Connor!David Clark!David Parker!Grant Robertson!
"Civil Union Bill — In Committee, Procedure",Judith Collins!,Nanaia Mahuta!Gerry Brownlee!Damien O'Connor!David Clark!David Parker!Grant Robertson!
"Civil Union Bill — In Committee, Procedure",Judith Collins!,Nanaia Mahuta!Gerry Brownlee!Damien O'Connor!David Clark!David Parker!Grant Robertson!
"Civil Union Bill — In Committee, Procedure",Judith Collins!,Nanaia Mahuta!Gerry Brownlee!Damien O'Connor!David Clark!David Parker!Grant Robertson!
"Civil Union Bill — In Committee, Procedure",Judith Collins!,Nanaia Mahuta!Gerry Brownlee!Damien O'Connor!David Clark!David Parker!Grant Robertson!
"Civil Union Bill — In Committee, Procedure",Judith Collins!,Nanaia Mahuta!Gerry Brownlee!Damien O'Connor!David Clark!David Parker!Grant Robertson!
"Civil Union Bill — In Committee, Procedure",Judith Collins!,Nanaia Mahuta!Gerry Brownlee!Damien O'Connor!David Clark!David Parker!Grant Robertson!
"Civil Union Bill — In Committee, Procedure",Judith Collins!,Nanaia Mahuta!Gerry Brownlee!Damien O'Connor!David Clark!David Parker!Grant Robertson!
"Civil Union Bill — Instruction to Committee, In Committee",Nanaia Mahuta!David Parker!David Clark!,Simeon Brown!Gerry Brownlee!Grant Robertson!Judith Collins!
"Civil Union Bill — Instruction to Committee, In Committee",Simeon Brown!Judith Collins!,Nanaia Mahuta!Gerry Brownlee!David Clark!David Parker!Grant Robertson!
"Civil Union Bill — Instruction to Committee, In Committee",Simeon Brown!Judith Collins!,Gerry Brownlee!Nanaia Mahuta!David Clark!David Parker!Grant Robertson!
"Civil Union Bill — Instruction to Committee, In Committee",Simeon Brown!Judith Collins!,Gerry Brownlee!Nanaia Mahuta!David Clark!David Parker!Grant Robertson!
"Civil Union Bill — Instruction to Committee, In Committee",Simeon Brown!Judith Collins!,Gerry Brownlee!Nanaia Mahuta!David Clark!David Parker!Grant Robertson!
Civil Union Bill — Second Reading,Nanaia Mahuta!David Parker!David Clark!,Simeon Brown!Gerry Brownlee!Grant Robertson!Judith Collins!
Civil Union Bill — Second Reading,Nanaia Mahuta!David Parker!David Clark!,Simeon Brown!Gerry Brownlee!Grant Robertson!Judith Collins!
"Care of Children Bill — Instruction to Committee, Procedure, In Committee",Simeon Brown!Gerry Brownlee!,Nanaia Mahuta!Damien O'Connor!David Clark!Grant Robertson!
"Care of Children Bill — Instruction to Committee, Procedure, In Committee",Simeon Brown!Gerry Brownlee!,Nanaia Mahuta!David Clark!Grant Robertson!
"Care of Children Bill — Instruction to Committee, Procedure, In Committee",Simeon Brown!Gerry Brownlee!,Nanaia Mahuta!Damien O'Connor!David Clark!Grant Robertson!
"Care of Children Bill — Instruction to Committee, Procedure, In Committee",Simeon Brown!,Nanaia Mahuta!Gerry Brownlee!Damien O'Connor!David Clark!Grant Robertson!
Shop Trading Hours (Easter Trading Local Exemption) Bill — First Reading,Grant Robertson!David Clark!Judith Collins!,Damien O'Connor!David Parker!
Relationships (Statutory References) Bill — First Reading,Nanaia Mahuta!David Clark!David Parker!Grant Robertson!,Judith Collins!Damien O'Connor!Simeon Brown!Gerry Brownlee!
Civil Union Bill — First Reading,Nanaia Mahuta!David Parker!Grant Robertson!,Damien O'Connor!Gerry Brownlee!Damien Smith!
Death with Dignity Bill — First Reading,Simeon Brown!David Clark!,Damien O'Connor!Gerry Brownlee!David Parker!Judith Collins!Grant Robertson!Nanaia Mahuta!
"Prostitution Reform Bill — Procedure, Third Reading",David Parker!David Clark!,Simeon Brown!Gerry Brownlee!Judith Collins!Grant Robertson!Nanaia Mahuta!
Prostitution Reform Bill — In Committee,David Clark!,Simeon Brown!Gerry Brownlee!Judith Collins!Grant Robertson!Nanaia Mahuta!
Prostitution Reform Bill — In Committee,,Nanaia Mahuta!Simeon Brown!David Clark!Grant Robertson!
Prostitution Reform Bill — In Committee,David Clark!David Parker!,Simeon Brown!Gerry Brownlee!Grant Robertson!Nanaia Mahuta!
Prostitution Reform Bill — In Committee,,Nanaia Mahuta!Simeon Brown!Gerry Brownlee!David Clark!David Parker!Grant Robertson!
Prostitution Reform Bill — In Committee,,Nanaia Mahuta!Simeon Brown!Gerry Brownlee!David Parker!David Clark!Grant Robertson!
Prostitution Reform Bill — In Committee,,Nanaia Mahuta!Simeon Brown!Gerry Brownlee!David Parker!David Clark!Judith Collins!Grant Robertson!
Prostitution Reform Bill — In Committee,David Clark!Grant Robertson!,Gerry Brownlee!Nanaia Mahuta!
Prostitution Reform Bill — In Committee,David Clark!Grant Robertson!,Gerry Brownlee!Judith Collins!Nanaia Mahuta!
Prostitution Reform Bill — In Committee,,Nanaia Mahuta!Gerry Brownlee!David Parker!David Clark!Judith Collins!
Prostitution Reform Bill — In Committee,Nanaia Mahuta!David Clark!David Parker!Grant Robertson!,Simeon Brown!Gerry Brownlee!Judith Collins!Nanaia Mahuta!
Prostitution Reform Bill — In Committee,,Nanaia Mahuta!Gerry Brownlee!David Parker!David Clark!Judith Collins!Grant Robertson!
Prostitution Reform Bill — In Committee,Nanaia Mahuta!David Clark!David Parker!Judith Collins!,Gerry Brownlee!Grant Robertson!
Prostitution Reform Bill — In Committee,Grant Robertson!,Gerry Brownlee!David Clark!David Parker!
Prostitution Reform Bill — In Committee,David Parker!Grant Robertson!,Gerry Brownlee!Nanaia Mahuta!David Clark!
Prostitution Reform Bill — In Committee,,Gerry Brownlee!David Parker!David Clark!
Prostitution Reform Bill — In Committee,Gerry Brownlee!Grant Robertson!,
Prostitution Reform Bill — In Committee,David Clark!David Parker!,Nanaia Mahuta!Simeon Brown!Gerry Brownlee!Judith Collins!Grant Robertson!
Rotorua District (Easter Sunday Shop Trading) Bill — Second Reading,Judith Collins!Simeon Brown!David Clark!,Nanaia Mahuta!Gerry Brownlee!David Parker!Grant Robertson!
Prostitution Reform Bill — Second Reading,David Parker!David Clark!,Judith Collins!
Prostitution Reform Bill — Second Reading,David Clark!,Damien Smith!Judith Collins!
